Workbook

Sheet Sheet1
A1: 이동류별 교통량 통계
A2: 구룡터널 / 서울 방향 / 서울 방향 / 서울방향입구(교통량) / 서울방향입구(교통량)
A3: 시간 | B3: 승용차 | C3: 버스(대) | D3: 버스(소) | E3: 트럭(대) | F3: 트럭(소) | G3: 오토바이 | H3: 전체
A4: 0.29166667 | B4: 165 | C4: 2 | D4: 0 | E4: 2 | F4: 7 | G4: 0 | H4: 176
A5: 0.29513889 | B5: 190 | C5: 0 | D5: 0 | E5: 2 | F5: 7 | G5: 0 | H5: 199
A6: 0.29861111 | B6: 165 | C6: 0 | D6: 0 | E6: 2 | F6: 10 | G6: 0 | H6: 177
A7: 0.30208333 | B7: 177 | C7: 1 | D7: 0 | E7: 1 | F7: 5 | G7: 0 | H7: 184
A8: 0.30555556 | B8: 186 | C8: 2 | D8: 0 | E8: 2 | F8: 4 | G8: 0 | H8: 194
A9: 0.30902778 | B9: 152 | C9: 1 | D9: 0 | E9: 3 | F9: 12 | G9: 0 | H9: 168
A10: 0.3125 | B10: 198 | C10: 0 | D10: 0 | E10: 0 | F10: 6 | G10: 0 | H10: 204
A11: 0.31597222 | B11: 169 | C11: 0 | D11: 0 | E11: 1 | F11: 4 | G11: 0 | H11: 174
A12: 0.31944444 | B12: 215 | C12: 2 | D12: 0 | E12: 2 | F12: 9 | G12: 0 | H12: 228
A13: 0.32291667 | B13: 169 | C13: 0 | D13: 0 | E13: 4 | F13: 7 | G13: 0 | H13: 180
A14: 0.32638889 | B14: 200 | C14: 2 | D14: 0 | E14: 1 | F14: 2 | G14: 0 | H14: 205
A15: 0.32986111 | B15: 186 | C15: 0 | D15: 0 | E15: 1 | F15: 7 | G15: 0 | H15: 194
... A292: 1.2916667 | B292: 155 | C292: 0 | D292: 0 | E292: 2 | F292: 9 | G292: 0 | H292: 166

Sheet Sheet2
A1: 이동류별 교통량 통계
A2: 구룡터널 / 서울 방향 / 서울 방향 / 서울방향입구(교통량) / 서울방향입구(교통량)
A3: 시간 | B3: 승용차 | C3: 버스(대) | D3: 버스(소) | E3: 트럭(대) | F3: 트럭(소) | G3: 오토바이 | H3: 전체
A4: 0.29166667 | B4: =Sheet1!B4/5 -> 33 | C4: =Sheet1!C4/5 -> 0.4 | D4: =Sheet1!D4/5 -> 0 | E4: =Sheet1!E4/5 -> 0.4 | F4: =Sheet1!F4/5 -> 1.4 | G4: =Sheet1!G4/5 -> 0 | H4: =Sheet1!H4/5 -> 35.2
A5: 0.29513889 | B5: =Sheet1!B5/5 -> 38 | C5: =Sheet1!C5/5 -> 0 | D5: =Sheet1!D5/5 -> 0 | E5: =Sheet1!E5/5 -> 0.4 | F5: =Sheet1!F5/5 -> 1.4 | G5: =Sheet1!G5/5 -> 0 | H5: =Sheet1!H5/5 -> 39.8
A6: 0.29861111 | B6: =Sheet1!B6/5 -> 33 | C6: =Sheet1!C6/5 -> 0 | D6: =Sheet1!D6/5 -> 0 | E6: =Sheet1!E6/5 -> 0.4 | F6: =Sheet1!F6/5 -> 2 | G6: =Sheet1!G6/5 -> 0 | H6: =Sheet1!H6/5 -> 35.4
A7: 0.30208333 | B7: =Sheet1!B7/5 -> 35.4 | C7: =Sheet1!C7/5 -> 0.2 | D7: =Sheet1!D7/5 -> 0 | E7: =Sheet1!E7/5 -> 0.2 | F7: =Sheet1!F7/5 -> 1 | G7: =Sheet1!G7/5 -> 0 | H7: =Sheet1!H7/5 -> 36.8
A8: 0.30555556 | B8: =Sheet1!B8/5 -> 37.2 | C8: =Sheet1!C8/5 -> 0.4 | D8: =Sheet1!D8/5 -> 0 | E8: =Sheet1!E8/5 -> 0.4 | F8: =Sheet1!F8/5 -> 0.8 | G8: =Sheet1!G8/5 -> 0 | H8: =Sheet1!H8/5 -> 38.8
A9: 0.30902778 | B9: =Sheet1!B9/5 -> 30.4 | C9: =Sheet1!C9/5 -> 0.2 | D9: =Sheet1!D9/5 -> 0 | E9: =Sheet1!E9/5 -> 0.6 | F9: =Sheet1!F9/5 -> 2.4 | G9: =Sheet1!G9/5 -> 0 | H9: =Sheet1!H9/5 -> 33.6
A10: 0.3125 | B10: =Sheet1!B10/5 -> 39.6 | C10: =Sheet1!C10/5 -> 0 | D10: =Sheet1!D10/5 -> 0 | E10: =Sheet1!E10/5 -> 0 | F10: =Sheet1!F10/5 -> 1.2 | G10: =Sheet1!G10/5 -> 0 | H10: =Sheet1!H10/5 -> 40.8
A11: 0.31597222 | B11: =Sheet1!B11/5 -> 33.8 | C11: =Sheet1!C11/5 -> 0 | D11: =Sheet1!D11/5 -> 0 | E11: =Sheet1!E11/5 -> 0.2 | F11: =Sheet1!F11/5 -> 0.8 | G11: =Sheet1!G11/5 -> 0 | H11: =Sheet1!H11/5 -> 34.8
A12: 0.31944444 | B12: =Sheet1!B12/5 -> 43 | C12: =Sheet1!C12/5 -> 0.4 | D12: =Sheet1!D12/5 -> 0 | E12: =Sheet1!E12/5 -> 0.4 | F12: =Sheet1!F12/5 -> 1.8 | G12: =Sheet1!G12/5 -> 0 | H12: =Sheet1!H12/5 -> 45.6
A13: 0.32291667 | B13: =Sheet1!B13/5 -> 33.8 | C13: =Sheet1!C13/5 -> 0 | D13: =Sheet1!D13/5 -> 0 | E13: =Sheet1!E13/5 -> 0.8 | F13: =Sheet1!F13/5 -> 1.4 | G13: =Sheet1!G13/5 -> 0 | H13: =Sheet1!H13/5 -> 36
A14: 0.32638889 | B14: =Sheet1!B14/5 -> 40 | C14: =Sheet1!C14/5 -> 0.4 | D14: =Sheet1!D14/5 -> 0 | E14: =Sheet1!E14/5 -> 0.2 | F14: =Sheet1!F14/5 -> 0.4 | G14: =Sheet1!G14/5 -> 0 | H14: =Sheet1!H14/5 -> 41
A15: 0.32986111 | B15: =Sheet1!B15/5 -> 37.2 | C15: =Sheet1!C15/5 -> 0 | D15: =Sheet1!D15/5 -> 0 | E15: =Sheet1!E15/5 -> 0.2 | F15: =Sheet1!F15/5 -> 1.4 | G15: =Sheet1!G15/5 -> 0 | H15: =Sheet1!H15/5 -> 38.8
... A292: 1.2916667 | B292: =Sheet1!B292/5 -> 31 | C292: =Sheet1!C292/5 -> 0 | D292: =Sheet1!D292/5 -> 0 | E292: =Sheet1!E292/5 -> 0.4 | F292: =Sheet1!F292/5 -> 1.8 | G292: =Sheet1!G292/5 -> 0 | H292: =Sheet1!H292/5 -> 33.2
